bias,sigma,src,held,z_med,att,rate_err
0,0,truth,6/8,3.73,3.0,0.65cm
0,0,clipped,1/8,10.97,66.4,0.65cm
0,0,net,1/8,5.14,60.5,0.65cm
1,0,truth,6/8,3.73,3.0,0.65cm
1,0,clipped,1/8,10.97,66.4,0.65cm
1,0,net,1/8,5.14,60.5,0.65cm
1,0,truth_noisy,1/8,4.37,61.1,0.65cm
5,0,truth,6/8,3.73,3.0,0.65cm
5,0,clipped,1/8,10.97,66.4,0.65cm
5,0,net,1/8,5.14,60.5,0.65cm
5,0,truth_noisy,3/8,4.86,68.3,0.65cm
0,2,truth,6/8,3.73,3.0,0.65cm
0,2,clipped,1/8,10.97,66.4,0.65cm
0,2,net,1/8,5.14,60.5,0.65cm
0,2,truth_noisy,6/8,3.58,17.5,0.65cm
0,5,truth,6/8,3.73,3.0,0.65cm
0,5,clipped,1/8,10.97,66.4,0.65cm
0,5,net,1/8,5.14,60.5,0.65cm
0,5,truth_noisy,0/8,nan,nan,0.65cm
0,10,truth,6/8,3.73,3.0,0.65cm
0,10,clipped,1/8,10.97,66.4,0.65cm
0,10,net,1/8,5.14,60.5,0.65cm
0,10,truth_noisy,0/8,nan,nan,0.65cm
