seed,arm,z_last,z_std,rate_err,tilt_med,loop_hz
300,net_off,-620.05,54.59,3.68,131.3,64.8
300,net_tilt002,-889.56,140.24,2.79,96.6,69.8
300,truth_off,-250.04,31.63,0.0,83.1,185.0
300,truth_tilt002,-80.55,24.98,0.0,62.8,177.2
301,net_off,-2473.54,359.71,1.94,87.7,72.8
301,net_tilt002,-1688.97,245.36,2.11,75.2,73.9
301,truth_off,42.79,2.86,0.0,78.4,189.8
301,truth_tilt002,-248.13,49.19,0.0,77.3,187.6
302,net_off,-2291.26,319.5,2.77,81.1,71.4
302,net_tilt002,-1684.61,226.28,2.15,83.1,75.4
302,truth_off,8.42,2.19,0.0,89.1,193.4
302,truth_tilt002,-23.16,12.83,0.0,44.8,189.1
303,net_off,-1245.49,131.5,3.16,107.0,75.3
303,net_tilt002,-2859.1,410.0,2.31,64.5,73.3
303,truth_off,-2.88,3.16,0.0,76.7,191.8
303,truth_tilt002,-35.19,14.39,0.0,64.4,191.8
304,net_off,-2901.43,367.06,3.76,76.0,74.9
304,net_tilt002,-772.47,117.67,3.4,103.9,74.2
304,truth_off,47.78,6.77,0.0,76.3,192.6
304,truth_tilt002,21.0,4.1,0.0,65.0,187.6
