seed,src,held,z_final,z_std,att,tilt,rate_err,loop
300,truth,0,-50.34,15.38,51.2,0.0,0.00,192.5
300,clipped,0,-147.27,25.15,68.0,0.0,15.67,195.7
301,truth,1,6.63,0.24,26.4,0.0,0.00,199.6
301,clipped,0,-143.42,24.07,66.0,0.0,16.14,195.4
302,truth,1,6.33,1.95,30.8,0.0,0.00,192.4
302,clipped,0,-124.28,21.84,61.2,0.0,18.36,192.4
303,truth,0,-40.28,12.18,50.3,0.0,0.00,193.5
303,clipped,0,-152.37,24.22,65.3,0.0,18.34,193.3
304,truth,0,-119.82,23.71,67.3,0.0,0.00,192.2
304,clipped,0,-140.10,18.92,61.5,0.0,20.51,194.0
305,truth,1,4.13,1.47,31.9,0.0,0.00,192.6
305,clipped,0,-57.32,13.26,54.8,0.0,16.29,193.2
306,truth,0,-4.61,3.68,39.5,0.0,0.00,191.8
306,clipped,0,-156.72,25.05,68.4,0.0,15.23,192.7
307,truth,1,4.09,0.41,30.6,0.0,0.00,193.0
307,clipped,0,-152.87,23.04,66.1,0.0,17.11,193.6
308,truth,0,-80.56,18.41,61.5,0.0,0.00,192.3
308,clipped,0,-149.94,23.73,65.4,0.0,15.69,194.1
309,truth,0,-53.29,15.76,52.1,0.0,0.00,192.3
309,clipped,0,-12.75,5.09,43.8,0.0,14.35,193.4
310,truth,1,4.29,0.38,31.3,0.0,0.00,193.6
310,clipped,0,-127.01,20.87,61.6,0.0,15.94,193.0
311,truth,1,7.14,1.52,25.7,0.0,0.00,192.1
311,clipped,0,-62.19,14.49,56.1,0.0,14.65,192.0
