seed,src,held,z_final,z_med,z_std,att,tilt,rate_err,wall_s
300,truth,0,-9.32,,6.75,38.8,0.0,0.00,14
300,clipped,0,-116.21,,18.88,58.9,0.0,16.66,15
300,alg,0,-840.36,,127.11,90.0,80.3,14.42,24
300,net,0,-1286.24,,184.35,92.8,85.0,73.95,28
301,truth,1,2.06,,2.42,34.6,0.0,0.00,14
301,clipped,0,-72.30,,16.11,57.7,0.0,14.58,14
301,alg,0,-728.74,,91.40,102.0,97.2,7.26,25
301,net,0,-576.43,,102.84,104.5,88.2,55.41,28
302,truth,1,7.79,,1.05,31.7,0.0,0.00,15
302,clipped,0,-149.37,,24.37,65.9,0.0,17.08,14
302,alg,0,-429.39,,53.52,87.0,85.1,9.41,25
302,net,0,-956.88,,129.08,108.7,94.5,53.48,28
303,truth,1,3.80,,0.80,31.6,0.0,0.00,15
303,clipped,0,-143.45,,22.98,65.2,0.0,18.02,14
303,alg,0,5.42,,19.96,76.0,84.0,7.57,25
303,net,0,-1209.87,,167.39,95.6,84.5,80.06,29
304,truth,0,-123.11,,24.33,68.7,0.0,0.00,14
304,clipped,0,-98.07,,19.90,58.1,0.0,16.30,15
304,alg,0,-854.65,,122.90,97.4,84.0,19.03,24
304,net,0,-968.86,,139.79,110.2,96.0,51.59,28
305,truth,1,4.79,,0.69,32.9,0.0,0.00,15
305,clipped,0,-141.69,,22.62,62.6,0.0,21.83,14
305,alg,0,-284.57,,57.14,83.1,79.7,16.56,25
305,net,0,-841.03,,123.86,105.6,93.0,38.86,28
306,truth,1,2.73,,0.47,34.0,0.0,0.00,14
306,clipped,0,-116.74,,19.70,60.7,0.0,17.05,15
306,alg,0,-109.01,,32.80,62.8,69.5,8.21,24
306,net,0,-902.76,,132.74,109.8,100.2,92.04,28
307,truth,0,-6.14,,1.39,37.4,0.0,0.00,14
307,clipped,0,-135.96,,21.33,63.2,0.0,16.74,14
307,alg,0,-529.07,,88.79,78.7,89.2,9.03,25
307,net,0,-1375.85,,182.58,88.2,91.5,110.70,28
308,truth,0,-38.46,,15.16,48.1,0.0,0.00,15
308,clipped,0,-70.91,,14.06,55.5,0.0,18.41,15
308,alg,0,-351.08,,53.63,94.4,97.4,13.40,24
308,net,0,-1042.35,,148.09,74.0,85.2,85.91,29
309,truth,1,2.86,,0.38,29.5,0.0,0.00,14
309,clipped,0,-21.24,,8.17,46.6,0.0,15.58,16
309,alg,0,-537.39,,89.36,83.3,80.4,8.56,30
309,net,0,-1456.06,,172.19,80.7,87.7,57.86,31
310,truth,0,-41.72,,11.15,52.7,0.0,0.00,15
310,clipped,0,-141.38,,25.41,65.7,0.0,15.70,14
310,alg,0,-619.57,,107.47,104.6,74.7,15.34,25
310,net,0,-1052.50,,156.09,115.9,87.0,63.86,28
311,truth,0,-13.76,,6.64,41.6,0.0,0.00,15
311,clipped,0,-121.67,,19.48,60.3,0.0,21.10,14
311,alg,0,-470.64,,65.22,80.6,78.0,6.96,24
311,net,0,-935.18,,116.68,114.5,102.7,71.75,28
