seed,arm,tilt_obs,z_last,z_std,rate_err,tilt_med
300,net_off,0,-2585.28,353.84,16.46,82.1
300,truth_off,0,-104.95,13.79,0.00,100.6
300,truth_tilt002,1,-414.23,71.02,0.00,76.6
301,net_off,0,-4436.63,502.83,17.25,88.1
301,net_tilt002,1,-3854.15,453.73,6.56,83.7
301,truth_off,0,-372.46,57.75,0.00,93.1
302,net_off,0,-5488.48,643.80,19.05,90.6
302,net_tilt002,1,-5000.67,686.75,15.87,72.7
302,truth_off,0,58.06,2.05,0.00,74.8
302,truth_tilt002,1,-530.62,89.34,0.00,83.3
303,net_off,0,-2410.34,292.55,15.58,89.8
303,net_tilt002,1,-3665.55,547.59,9.22,75.3
303,truth_off,0,-289.63,58.21,0.00,82.7
303,truth_tilt002,1,-21.69,13.92,0.00,82.5
304,net_off,0,-2144.27,334.93,11.31,79.7
304,net_tilt002,1,-4365.15,535.21,13.92,79.9
304,truth_off,0,-82.66,21.95,0.00,73.6
304,truth_tilt002,1,-7.91,7.45,0.00,73.3
305,net_off,0,-3505.01,462.32,14.11,92.8
305,net_tilt002,1,-3868.15,547.10,7.09,71.3
305,truth_off,0,-55.03,16.24,0.00,64.1
305,truth_tilt002,1,-303.86,58.47,0.00,65.7
